Type,Name,Request Count,Failure Count,Median Response Time,Average Response Time,Min Response Time,Max Response Time,Average Content Size,Requests/s,Failures/s,50%,66%,75%,80%,90%,95%,98%,99%,99.9%,99.99%,100%
POST,/api/inference,20,0,29000,30457.312917799845,2932.3296759994264,57983.48447999979,793.0,0.34472751489025133,0.0,32000,41000,46000,49000,55000,58000,58000,58000,58000,58000,58000
,Aggregated,20,0,29000,30457.312917799845,2932.3296759994264,57983.48447999979,793.0,0.34472751489025133,0.0,32000,41000,46000,49000,55000,58000,58000,58000,58000,58000,58000
