Type,Name,Request Count,Failure Count,Median Response Time,Average Response Time,Min Response Time,Max Response Time,Average Content Size,Requests/s,Failures/s,50%,66%,75%,80%,90%,95%,98%,99%,99.9%,99.99%,100%
SSE,/api/inference/stream,24,0,29000,30334.085537750012,2464.874812000062,58223.27425599997,13.0,0.4120849598356201,0.0,32000,39000,46000,49000,53000,56000,58000,58000,58000,58000,58000
,Aggregated,24,0,29000,30334.085537750012,2464.874812000062,58223.27425599997,13.0,0.4120849598356201,0.0,32000,39000,46000,49000,53000,56000,58000,58000,58000,58000,58000
