Type,Name,Request Count,Failure Count,Median Response Time,Average Response Time,Min Response Time,Max Response Time,Average Content Size,Requests/s,Failures/s,50%,66%,75%,80%,90%,95%,98%,99%,99.9%,99.99%,100%
SSE,/api/inference/stream,868,0,3300,3221.759441344477,2426.052876999165,3433.7638199995126,13.0,14.6122370594263,0.0,3300,3300,3300,3400,3400,3400,3400,3400,3400,3400,3400
,Aggregated,868,0,3300,3221.759441344477,2426.052876999165,3433.7638199995126,13.0,14.6122370594263,0.0,3300,3300,3300,3400,3400,3400,3400,3400,3400,3400,3400
